fever,cough,runny_nose,sore_throat,headache,fatigue,nausea,vomiting,diarrhea,chest_pain,shortness_of_breath,skin_rash,abdominal_pain,joint_pain,itching,vision_problems,hearing_loss,dizziness,weight_loss,muscle_weakness,prognosis
1,1,0,0,1,1,0,1,1,0,1,0,0,1,1,1,1,1,0,0,Common cold
0,0,0,1,0,1,0,1,0,0,1,1,1,1,1,1,1,1,1,0,Influenza (Flu)
0,1,0,0,0,0,0,0,1,1,0,1,0,0,0,0,0,0,1,1,Fever
1,0,0,1,1,0,0,0,1,1,1,1,0,1,0,0,0,0,0,1,Headache
0,1,1,0,0,0,1,0,1,0,0,0,0,0,1,1,1,0,0,0,Migraine
1,1,0,0,0,1,1,1,1,0,0,1,0,1,0,0,1,0,1,0,Sore throat
1,0,0,1,0,0,1,0,0,0,1,1,1,1,1,1,1,1,0,0,Runny nose
0,0,1,0,1,1,1,0,1,0,1,1,1,1,0,1,1,1,0,0,Cough
0,0,0,0,1,0,0,1,1,1,1,0,0,0,1,1,0,0,1,0,Sinusitis
0,1,0,1,0,1,1,1,1,1,0,0,0,1,0,1,0,1,1,0,Tonsillitis
0,1,1,1,1,1,1,0,0,0,0,0,0,1,1,0,0,1,1,1,Fatigue
0,0,1,1,1,0,1,0,1,0,0,1,1,1,1,1,0,0,1,1,Dehydration
1,1,1,0,0,1,1,1,0,0,1,1,1,1,0,1,0,1,0,1,Heat stroke
1,1,1,0,1,1,1,1,0,1,0,0,0,0,0,1,0,0,1,0,Food poisoning
0,0,0,0,1,1,0,1,0,1,0,0,1,0,0,0,1,0,1,1,Allergic rhinitis (Hay fever)
1,1,1,1,1,1,1,0,0,0,1,1,0,1,0,0,1,1,1,0,Asthma
1,0,0,1,1,0,1,0,0,1,1,1,0,1,1,0,0,0,0,0,Bronchitis
0,1,1,0,0,0,1,0,0,1,0,0,0,0,1,0,0,1,1,1,Pneumonia
1,1,0,0,0,1,1,0,0,0,1,1,1,1,1,1,1,1,1,1,Tuberculosis (TB)
1,1,0,1,0,0,0,1,1,1,1,0,1,1,1,1,1,1,0,0,Chronic obstructive pulmonary disease (COPD)
0,0,0,1,0,1,0,1,1,0,1,0,0,0,1,1,1,1,0,0,Pulmonary embolism
0,1,0,0,0,1,0,0,1,0,0,1,1,0,1,1,0,1,1,0,Pleurisy
1,0,1,0,1,0,1,0,1,0,1,1,1,1,1,1,1,0,1,0,Pulmonary fibrosis
0,0,1,1,1,1,0,0,1,0,0,0,1,0,0,1,0,0,1,0,Sleep apnea
0,1,1,0,1,1,1,0,0,0,0,0,1,0,0,0,0,0,0,0,Whooping cough (Pertussis)
1,0,0,1,1,0,1,0,0,0,0,1,1,1,0,0,1,1,0,0,Diarrhea
1,1,0,1,0,1,0,1,1,1,1,0,1,1,0,1,1,1,1,1,Constipation
1,0,0,1,0,1,0,0,1,0,0,0,1,1,0,0,0,0,0,1,Indigestion (Dyspepsia)
0,0,0,1,1,0,1,1,0,1,1,1,1,0,1,1,0,1,1,1,Gastritis
0,0,1,0,0,0,1,1,1,0,1,1,0,1,0,0,1,0,1,0,Acid reflux (GERD)
1,1,1,0,1,1,1,0,1,1,0,0,1,1,0,1,1,1,1,1,Peptic ulcer
0,1,1,0,1,1,0,0,1,1,1,1,1,0,0,0,0,1,1,0,Irritable bowel syndrome (IBS)
0,1,0,1,1,1,0,0,1,0,0,1,0,0,1,0,0,1,0,1,Ulcerative colitis
0,1,1,0,1,1,0,0,1,1,1,1,1,1,0,1,0,0,1,1,Crohn’s disease
0,0,0,0,0,1,1,1,1,1,0,0,0,1,1,0,1,0,0,1,Appendicitis
0,0,0,1,0,1,0,0,0,1,1,1,0,0,0,0,1,0,0,1,Gallstones
0,1,0,0,0,0,1,1,1,0,0,0,0,0,1,0,1,0,0,1,Hepatitis A
1,1,1,0,0,1,0,0,1,1,1,1,0,0,0,1,0,1,1,0,Hepatitis B
1,1,0,0,0,1,0,0,0,0,0,0,0,0,0,0,0,0,1,0,Hepatitis C
1,0,0,0,1,0,1,0,0,1,1,0,0,1,0,1,0,1,1,1,Pancreatitis
1,0,1,1,0,0,0,1,1,1,0,1,1,1,1,1,0,0,1,1,Liver cirrhosis
0,1,0,1,1,0,0,1,0,0,1,0,1,0,0,1,0,1,0,0,Fatty liver disease
1,0,0,0,1,1,1,0,0,1,0,0,1,0,0,1,1,1,1,0,Jaundice
1,0,1,0,1,1,1,1,0,0,0,0,0,1,1,0,0,1,1,1,Hemorrhoids (Piles)
1,0,0,1,1,0,0,1,1,0,1,0,0,0,1,0,1,0,1,1,Stomach cancer
1,1,1,1,1,1,1,0,0,0,0,0,0,1,0,0,1,1,0,0,Acne
1,0,1,1,1,0,0,0,1,1,1,0,0,0,0,0,1,0,1,1,Eczema
0,0,0,0,1,0,0,0,1,1,1,0,0,0,1,1,0,1,0,0,Psoriasis
0,0,1,0,0,1,0,0,1,1,0,0,0,1,0,1,0,0,0,0,Dermatitis
0,0,1,0,1,0,0,0,0,1,1,0,0,0,0,0,0,0,0,0,Skin allergy
0,1,1,0,0,1,1,0,1,0,1,1,1,0,0,1,0,0,0,0,Ringworm
1,1,1,1,0,0,1,0,1,1,0,0,0,0,0,1,1,0,0,0,Scabies
1,0,1,0,0,1,1,0,0,0,1,1,1,0,0,1,0,1,0,0,Vitiligo
1,1,1,1,1,0,1,1,1,1,0,0,0,1,1,0,1,0,0,1,Melasma
0,1,1,0,1,0,1,0,1,0,1,0,1,1,1,0,0,0,1,0,Skin cancer
0,1,1,1,1,0,0,1,1,1,0,1,1,0,1,0,0,1,1,0,Shingles
0,0,1,0,1,0,1,0,1,1,0,1,0,1,1,1,0,1,0,1,Chickenpox scars
0,0,1,1,0,1,0,1,0,0,0,0,1,1,1,0,1,0,1,1,Measles rash
0,0,1,0,0,0,1,0,0,0,1,0,1,0,1,1,0,0,1,0,Warts
1,1,0,0,0,1,1,0,0,0,0,0,0,1,0,0,0,0,0,0,Hives (Urticaria)
0,0,0,1,0,0,1,0,1,1,0,1,0,0,0,1,1,1,0,1,Arthritis
0,1,0,1,1,0,0,0,1,1,0,0,0,1,1,0,0,1,1,1,Osteoarthritis
1,0,1,1,1,0,0,0,0,0,0,0,0,1,1,0,1,0,0,1,Rheumatoid arthritis
0,1,0,1,0,0,0,1,1,1,1,0,1,0,0,1,1,0,1,0,Osteoporosis
1,1,0,1,1,1,1,1,1,1,0,0,0,0,0,1,0,0,0,0,Gout
1,0,1,0,1,0,1,1,0,0,1,1,1,1,0,1,1,1,0,0,Back pain
1,0,0,0,0,1,0,0,1,1,0,0,1,1,1,0,1,1,0,1,Neck pain
1,0,0,1,0,0,1,0,1,0,1,0,1,0,1,1,1,0,0,0,Sciatica
0,0,1,0,1,1,1,1,0,1,0,0,0,0,0,0,1,0,1,1,Slipped disc
1,1,1,0,0,0,1,0,1,0,0,0,0,0,1,1,1,1,0,1,Muscle cramps
0,0,0,1,1,1,1,1,1,0,1,1,0,1,1,0,1,0,1,0,Sprain
0,1,1,0,1,0,0,1,0,0,0,0,1,0,0,1,1,0,0,1,Tendinitis
0,1,0,1,0,0,1,1,1,0,1,1,0,1,0,1,0,1,0,0,Carpal tunnel syndrome
1,0,1,1,1,1,1,1,0,0,1,0,1,1,0,1,1,0,1,0,Fibromyalgia
0,0,0,0,1,0,1,0,0,0,1,0,0,1,0,0,0,0,0,0,Scoliosis
1,0,0,1,1,1,0,1,1,0,0,1,0,1,0,0,1,0,0,0,Hypertension (High blood pressure)
1,1,1,1,0,0,0,1,0,1,1,0,0,1,1,0,1,1,1,1,Hypotension (Low blood pressure)
1,1,0,0,1,0,0,1,0,0,0,0,1,1,1,0,1,1,0,0,Heart attack (Myocardial infarction)
1,0,0,0,1,1,0,0,1,0,0,1,0,0,0,1,1,0,1,1,Stroke
0,1,0,0,1,0,0,1,1,0,1,1,0,0,0,0,0,0,0,0,Arrhythmia
1,0,0,0,0,0,0,1,0,1,1,0,1,0,0,0,1,0,1,1,Atrial fibrillation
0,0,1,1,1,0,0,0,0,1,0,0,0,0,1,1,0,1,1,1,Angina
1,0,0,1,1,1,1,1,1,0,0,1,0,1,1,0,1,0,1,0,Congenital heart disease
1,1,1,0,1,0,0,0,1,1,1,1,1,1,1,1,0,1,1,1,Heart failure
0,1,1,1,0,0,1,0,0,0,1,0,0,0,0,0,1,0,0,0,Peripheral artery disease
0,1,0,1,0,0,1,0,1,0,0,0,1,0,1,1,0,0,1,0,Atherosclerosis
1,0,1,0,1,1,1,0,0,1,1,0,0,0,1,1,0,0,1,1,Endocarditis
0,1,0,1,0,0,1,1,1,1,0,1,0,1,0,1,0,1,0,0,Cardiomyopathy
1,1,0,0,0,1,0,0,0,1,0,0,0,1,1,1,1,0,1,1,Mitral valve prolapse
0,1,0,1,1,0,0,1,1,1,0,0,0,0,1,0,1,0,1,0,Diabetes type 1
0,1,1,0,1,1,1,1,0,1,1,0,1,1,1,0,0,1,1,1,Diabetes type 2
0,1,0,1,0,0,0,1,0,1,1,1,0,1,0,1,0,1,0,0,Hypothyroidism
1,1,0,1,1,0,1,0,1,1,1,0,1,1,0,0,0,0,0,0,Hyperthyroidism
1,1,0,0,1,1,0,1,0,1,1,0,0,0,0,0,1,1,0,1,Goiter
1,0,0,0,1,0,1,0,1,1,0,1,0,0,0,0,0,1,1,0,Thyroid nodules
0,1,0,1,0,0,1,0,1,0,0,0,1,0,1,0,0,1,0,0,Cushing’s syndrome
1,1,1,0,1,1,1,1,1,0,1,0,0,0,1,0,0,0,0,0,Addison’s disease
0,1,1,0,1,1,0,1,1,0,0,0,1,1,0,1,1,0,1,0,Polycystic ovary syndrome (PCOS)
1,1,0,1,1,1,0,0,0,0,0,1,0,1,1,0,0,1,0,0,Menopause symptoms
1,0,1,0,0,0,0,1,1,1,0,1,0,0,0,1,1,0,0,1,Hypoglycemia
1,1,1,1,1,1,1,1,1,1,0,0,1,1,1,1,1,1,0,1,Hyperglycemia
0,0,1,1,1,1,1,0,1,1,0,0,0,0,1,1,1,0,1,1,Pituitary tumors
0,0,1,0,0,0,1,0,1,1,0,0,0,0,0,0,1,0,0,1,Parathyroid disorder
1,0,1,1,0,0,0,1,0,0,1,1,0,1,0,0,0,1,1,1,Hormonal imbalance
0,1,1,0,0,0,0,1,0,1,0,1,0,1,1,1,0,0,1,1,Epilepsy
0,0,1,1,1,1,1,0,0,1,0,0,0,0,1,1,1,0,1,0,Seizures
1,1,0,0,0,0,1,0,0,1,0,1,0,0,1,0,1,0,0,0,Alzheimer’s disease
1,1,0,0,1,1,0,1,1,1,1,0,1,1,1,1,0,0,1,0,Dementia
1,0,1,1,0,1,0,1,1,1,0,1,0,1,1,1,1,1,0,1,Parkinson’s disease
0,1,1,0,0,0,0,0,1,1,0,0,0,0,1,1,1,1,1,1,Multiple sclerosis (MS)
1,1,1,0,0,1,1,1,1,1,1,1,0,1,0,1,0,1,1,1,Meningitis
1,1,0,1,1,0,0,0,0,0,1,1,0,0,0,0,0,0,0,1,Encephalitis
0,0,0,1,0,1,1,0,1,1,0,0,0,1,0,0,0,1,0,0,Brain tumor
0,1,1,0,0,0,1,0,0,0,0,1,1,1,0,1,1,0,1,0,Neuropathy
1,1,1,0,1,1,1,0,1,1,1,0,0,1,0,0,1,1,0,1,Migraine with aura
1,1,1,1,1,1,0,0,0,0,1,0,0,1,0,1,1,1,1,0,Bell’s palsy
1,0,1,0,0,1,1,0,1,1,0,1,1,1,1,0,0,1,0,1,Trigeminal neuralgia
1,0,1,0,1,1,0,0,1,0,0,1,0,1,0,0,0,1,1,0,Cerebral palsy
1,1,0,0,1,0,0,1,1,0,1,1,1,1,0,0,1,0,0,0,Guillain-Barré syndrome
1,1,0,0,0,1,0,1,1,0,0,0,0,0,0,1,0,0,0,0,Anxiety
1,0,0,0,0,1,0,1,0,1,1,1,0,0,0,1,0,0,1,1,Depression
0,0,1,0,0,1,1,0,0,0,0,0,0,0,1,1,0,0,0,1,Bipolar disorder
0,1,1,1,1,1,0,0,1,1,1,1,0,1,0,0,0,0,0,1,Schizophrenia
0,0,0,1,0,1,0,0,0,1,1,0,0,0,0,0,1,0,1,1,Obsessive-compulsive disorder (OCD)
1,0,0,0,1,0,1,1,0,1,1,0,0,1,0,0,1,0,0,0,Post-traumatic stress disorder (PTSD)
0,1,0,1,0,1,1,0,1,1,0,1,1,0,1,1,0,1,0,0,Panic disorder
0,0,0,0,1,1,1,1,1,0,1,0,0,0,0,1,1,0,0,0,"Eating disorders (Anorexia, Bulimia)"
1,0,0,1,0,0,1,0,1,1,1,0,1,0,0,0,1,0,0,0,Insomnia
1,0,0,1,1,0,0,1,0,0,0,0,0,1,0,1,0,0,1,0,Attention-deficit hyperactivity disorder (ADHD)
0,1,1,1,1,1,1,0,0,1,0,0,0,0,0,0,1,1,1,1,Autism spectrum disorder
0,0,1,0,1,0,0,1,0,1,1,1,1,1,1,0,1,0,1,0,Social anxiety disorder
0,1,0,1,0,1,0,0,0,0,0,0,1,1,0,1,0,0,0,1,Phobias
1,1,0,0,1,1,1,0,0,1,1,0,0,1,0,1,0,1,1,1,Burnout
0,0,1,0,0,0,0,1,1,1,1,0,1,1,0,0,1,0,0,1,Stress disorder
0,0,1,1,1,1,1,0,1,1,1,0,0,1,0,0,1,1,1,1,Malaria
0,1,0,0,0,1,0,1,0,1,0,0,1,1,0,0,0,1,0,1,Dengue fever
1,0,0,1,1,0,0,0,0,0,0,0,0,1,0,1,0,0,0,1,Chikungunya
0,0,0,0,0,1,1,1,1,0,0,1,1,1,0,1,0,1,1,1,Typhoid fever
0,1,0,0,0,1,1,1,0,1,1,0,1,0,1,1,0,0,0,0,Cholera
1,0,0,1,0,0,0,1,0,1,0,0,1,0,0,0,1,0,1,1,Leptospirosis
0,0,1,1,0,1,1,0,1,1,0,0,1,0,0,1,1,1,1,0,Zika virus
1,1,0,0,1,1,0,1,0,1,1,1,1,1,0,1,0,1,1,1,Yellow fever
1,0,1,0,1,0,0,0,0,1,0,0,0,1,0,1,0,1,1,1,Rabies
1,0,0,0,1,1,1,0,0,0,0,0,0,0,0,0,0,0,1,0,H1N1 (Swine flu)
1,0,1,0,1,0,1,0,0,0,1,1,1,1,1,0,0,1,1,1,COVID-19
0,1,0,0,0,1,0,1,0,1,1,1,1,0,1,0,0,0,0,1,SARS
1,0,1,0,0,1,1,1,0,1,0,0,0,0,0,1,1,0,1,1,MERS
0,1,0,1,0,0,0,0,0,0,1,0,1,1,1,0,0,0,1,1,HIV/AIDS
0,1,0,0,1,0,1,0,0,0,0,1,0,0,1,1,0,0,0,1,Sexually transmitted infections (STIs)
1,1,1,0,0,1,0,0,1,1,1,0,0,0,1,1,0,1,0,0,Kidney stones
1,0,0,1,1,1,1,0,1,0,1,1,0,1,1,0,0,1,1,1,Urinary tract infection (UTI)
0,0,1,0,1,0,1,1,0,1,0,1,1,1,1,1,1,0,1,1,Chronic kidney disease (CKD)
1,1,0,1,0,0,1,1,1,1,0,1,0,1,1,1,0,1,0,0,Acute kidney injury
0,1,1,0,1,1,1,0,1,1,1,1,0,1,0,0,1,0,0,0,Polycystic kidney disease
0,0,1,1,1,1,1,1,0,1,1,0,0,1,0,1,0,1,0,1,Nephritis
0,1,1,1,0,1,1,1,1,1,1,0,0,1,0,1,0,0,1,0,Bladder infection (Cystitis)
0,0,0,1,0,0,0,0,0,1,1,0,1,0,0,0,0,1,0,1,Prostate enlargement (BPH)
1,0,1,0,1,1,0,1,0,0,0,0,1,1,0,1,1,0,0,0,Kidney cancer
1,0,0,0,1,1,1,0,0,0,1,0,0,1,0,0,1,0,1,0,Bladder cancer
0,0,1,0,0,1,1,1,0,1,1,0,1,0,0,0,0,0,1,1,Conjunctivitis (Pink eye)
1,1,0,1,1,0,1,1,1,0,0,1,1,0,1,1,1,1,1,0,Cataract
1,0,0,1,1,1,1,1,0,1,0,1,0,0,1,1,1,0,1,1,Glaucoma
0,1,1,1,0,1,1,1,0,1,1,0,1,0,1,1,1,1,0,0,Dry eye syndrome
0,0,1,1,0,1,0,0,0,0,0,0,1,0,1,1,1,0,1,1,"Refractive error (Myopia, Hyperopia)"
0,0,1,1,0,0,0,1,1,0,0,0,0,1,1,0,1,0,1,1,Astigmatism
1,1,0,0,0,1,1,1,1,1,0,0,0,1,1,1,0,0,0,0,Age-related macular degeneration (AMD)
1,0,0,0,1,1,0,0,0,1,0,1,0,1,1,0,1,1,0,1,Diabetic retinopathy
1,0,1,1,1,1,0,1,1,1,0,1,1,0,0,0,1,0,0,0,Retinal detachment
0,1,1,0,1,0,0,1,0,0,0,1,1,0,0,1,1,0,0,1,Night blindness
0,0,1,1,1,1,1,1,0,1,0,0,1,1,1,0,1,0,0,1,Color blindness
1,1,1,0,0,0,1,0,1,0,0,0,1,1,1,0,1,1,0,1,Eye strain
0,1,0,0,1,0,1,1,1,0,1,0,0,0,0,1,0,0,0,1,Keratoconjunctivitis
1,1,1,0,0,0,0,1,0,0,1,1,1,1,0,1,1,0,1,0,Corneal ulcer
0,0,1,1,1,0,1,0,0,0,0,0,0,0,1,1,1,0,1,0,Lazy eye (Amblyopia)
0,0,0,0,0,1,0,1,1,1,0,0,0,1,1,1,0,1,1,1,Ear infection (Otitis media)
0,0,1,1,1,0,1,1,1,0,0,0,1,1,0,0,0,0,0,0,Tinnitus (Ringing in ears)
0,0,1,0,1,1,0,1,0,1,0,0,0,1,0,0,0,1,1,1,Hearing loss
1,0,0,0,0,1,0,1,1,0,1,1,1,0,1,0,1,1,1,0,Vertigo
1,0,0,0,1,0,0,1,1,1,0,1,1,1,1,1,1,1,1,0,Meniere’s disease
1,0,0,1,1,1,0,0,1,0,0,1,1,0,0,0,0,0,1,1,Deviated nasal septum
0,0,0,0,0,1,0,0,1,0,0,1,0,0,0,0,0,0,0,1,Nosebleeds
1,1,1,0,1,0,1,1,1,1,1,1,1,0,0,1,0,0,0,0,Laryngitis
0,0,1,1,0,1,0,0,0,1,0,1,0,0,0,0,1,1,1,1,Swimmer’s ear
1,0,1,1,1,0,0,1,0,0,1,1,1,1,0,0,0,0,0,1,Throat cancer
1,0,1,1,0,1,1,1,0,1,0,1,0,1,1,1,1,1,0,1,Infertility (Male)
1,0,1,1,0,1,0,1,1,0,0,0,1,0,1,1,0,1,0,1,Infertility (Female)
1,1,1,0,1,0,1,1,1,0,0,0,1,1,1,0,0,0,0,1,Endometriosis
0,0,0,0,0,1,0,0,0,1,0,0,1,1,1,0,1,1,0,1,Fibroids
0,1,1,0,0,1,0,1,1,0,0,1,1,0,1,0,1,0,1,1,Ovarian cysts
0,1,0,0,1,0,0,0,1,1,1,0,0,1,1,1,1,1,1,1,Menstrual cramps (Dysmenorrhea)
0,1,1,1,0,1,1,1,0,1,0,0,0,1,1,1,1,0,1,0,Premenstrual syndrome (PMS)
0,1,1,0,1,0,1,1,1,0,0,1,1,0,1,0,1,1,0,1,Erectile dysfunction
1,0,1,1,1,1,0,1,0,0,1,1,1,0,1,0,0,1,0,1,Prostate cancer
0,0,0,1,1,1,1,1,1,0,1,1,0,1,1,1,1,0,1,0,Testicular cancer
1,0,1,0,0,0,0,1,1,1,1,1,1,1,0,1,1,1,0,1,Vaginitis
0,1,1,0,0,0,0,0,0,0,0,0,0,0,1,1,0,0,1,0,Pelvic inflammatory disease (PID)
0,0,1,0,1,0,1,0,1,0,1,0,1,1,1,1,1,1,0,0,Cervical cancer
1,0,0,1,1,0,0,1,1,0,0,0,0,1,1,1,1,0,1,1,Breast cancer
1,1,0,0,1,1,1,0,0,0,1,1,0,0,0,1,0,1,1,0,Menstrual irregularities
1,1,0,0,0,0,0,1,0,1,0,1,1,0,1,1,1,0,1,0,Anemia (Iron deficiency)
0,1,1,0,0,1,1,1,1,1,1,1,1,0,1,0,0,1,0,1,Sickle cell anemia
1,1,1,1,1,1,0,0,0,0,0,1,0,0,0,1,1,1,0,0,Thalassemia
1,1,1,0,0,0,1,1,1,1,1,1,0,0,0,1,0,0,1,0,Leukemia
1,0,0,1,0,0,1,0,1,1,1,1,0,1,1,0,1,1,0,1,Lymphoma
1,0,1,1,0,1,1,1,1,1,0,1,0,0,1,0,0,0,1,0,Hemophilia
0,1,0,1,1,0,1,1,1,0,1,0,0,1,1,0,0,1,0,0,Immune thrombocytopenia
1,1,1,0,0,1,1,0,1,1,0,0,1,0,0,0,1,1,0,1,Autoimmune disorders
0,0,0,0,1,1,0,0,0,0,1,1,1,1,1,0,1,0,0,0,Lupus
1,1,1,1,0,1,0,1,0,0,1,0,1,0,0,0,0,1,0,1,Rheumatic fever
1,1,0,1,0,0,0,0,0,0,1,0,0,0,1,1,0,1,0,1,Lung cancer
1,0,0,1,1,0,0,1,0,1,1,0,1,1,1,1,1,1,0,0,Stomach cancer
0,1,0,1,1,0,0,1,0,0,1,1,1,0,1,1,1,1,1,0,Colon cancer
0,1,1,0,0,0,0,0,1,1,0,0,1,1,0,0,0,1,0,0,Liver cancer
0,0,1,0,1,1,1,0,0,1,0,1,1,1,0,0,0,1,1,0,Pancreatic cancer
1,0,0,1,1,0,0,0,1,1,1,1,0,0,1,1,1,0,1,0,Kidney cancer
0,1,0,0,1,1,1,0,1,0,1,0,0,1,0,0,0,0,1,0,Bladder cancer
0,0,1,0,0,0,1,0,0,1,1,1,0,1,0,1,1,1,1,0,Breast cancer
1,0,0,1,1,0,0,1,1,1,0,0,0,1,0,1,1,1,1,0,Ovarian cancer
0,0,1,1,0,0,1,1,0,0,1,0,0,0,1,1,1,1,1,0,Cervical cancer
0,0,0,0,0,1,1,0,1,0,1,0,0,1,0,0,0,0,0,1,Prostate cancer
1,0,1,0,0,0,0,1,1,1,1,1,1,1,0,0,0,1,0,0,Testicular cancer
0,1,0,0,0,0,1,1,0,0,1,1,0,0,1,1,1,1,1,1,Brain cancer
1,1,1,0,1,0,1,1,0,0,0,0,1,0,1,1,0,0,0,1,Bone cancer (Osteosarcoma)
1,1,1,1,1,0,0,0,1,0,1,1,1,0,0,0,0,1,1,0,"Skin cancer (Melanoma, Basal cell)"
0,0,1,0,1,0,1,1,1,0,0,1,1,1,1,1,1,0,1,1,Chickenpox
0,1,0,1,1,0,1,0,0,1,1,1,0,0,1,1,1,0,1,0,Measles
0,1,0,1,1,1,0,1,0,0,1,1,1,1,0,1,0,0,0,0,Mumps
0,0,1,1,0,1,0,1,0,1,1,0,0,1,1,1,0,1,1,1,Rubella
1,1,0,1,1,0,0,0,1,1,1,1,1,1,0,0,0,0,0,1,"Hand, foot, and mouth disease"
1,1,0,0,1,1,1,0,0,1,0,1,0,0,0,0,0,1,1,1,Whooping cough
0,1,1,1,1,1,1,0,1,0,0,0,0,1,0,0,1,1,0,0,Scarlet fever
0,1,0,1,1,1,1,1,1,1,0,0,1,1,1,1,1,1,1,0,Fifth disease (Parvovirus B19)
1,1,0,1,0,0,1,1,1,1,1,1,0,1,0,0,1,0,1,0,Croup
0,1,0,1,0,1,1,0,0,0,1,0,1,0,0,1,1,0,1,1,Kawasaki disease
1,1,0,0,1,1,0,1,0,0,0,1,0,0,0,0,0,0,0,1,Sjögren’s syndrome
0,0,0,1,0,1,0,1,1,1,1,1,1,1,1,1,1,0,1,1,Hashimoto’s thyroiditis
0,1,1,1,0,1,1,1,0,1,0,0,0,1,1,0,0,1,0,1,Graves’ disease
0,1,0,0,0,0,0,1,1,1,1,0,1,0,1,1,1,1,0,1,Myasthenia gravis
1,0,0,1,0,0,0,1,0,0,0,0,0,0,0,0,1,1,1,1,Ankylosing spondylitis
0,0,1,0,1,0,1,0,1,1,1,0,1,1,0,1,0,0,0,0,Vasculitis
1,1,0,0,1,1,0,0,0,0,0,0,0,1,0,0,1,1,1,1,Sarcoidosis
0,1,0,1,1,1,1,1,1,1,1,0,1,1,1,0,1,0,1,0,Scleroderma
1,1,1,0,0,1,1,1,0,0,1,0,1,0,0,1,0,0,0,1,Behçet’s disease
0,1,0,0,1,0,1,0,0,0,0,1,0,1,1,0,0,1,0,1,Wilson’s disease
1,0,0,0,1,1,1,0,0,1,0,0,1,0,0,0,1,0,0,1,Rickets
0,1,0,1,1,1,1,0,1,0,0,0,0,1,0,1,0,1,1,0,Scurvy
1,0,1,1,1,1,0,0,1,0,1,1,1,0,1,1,1,1,0,1,Beriberi
1,1,1,0,1,0,0,0,0,1,0,0,1,1,1,1,1,0,0,1,Pellagra
0,0,1,1,1,1,0,0,1,1,1,1,0,1,0,1,0,1,1,1,Kwashiorkor
0,0,0,1,1,1,0,1,1,1,0,1,1,0,0,1,0,1,1,0,Obesity
1,1,0,1,0,0,0,0,0,0,1,0,0,1,0,1,1,1,0,1,Metabolic syndrome
0,1,1,0,1,1,1,0,1,1,1,1,0,0,0,0,0,1,0,0,Hypercholesterolemia
0,1,1,0,0,0,1,1,1,0,0,0,0,0,1,0,1,1,1,1,Vitamin D deficiency
0,0,0,0,0,1,1,1,0,0,1,0,0,1,1,1,1,1,1,0,Tennis elbow
1,0,0,0,0,0,1,0,0,0,1,1,0,1,1,1,0,1,1,1,Computer vision syndrome
1,1,0,0,0,0,1,1,1,1,0,0,0,0,1,1,0,0,1,1,Jet lag disorder
1,0,0,1,0,0,1,1,0,0,1,1,1,0,0,1,0,1,0,1,Noise-induced hearing loss
1,0,1,0,0,1,1,1,0,0,1,1,1,1,1,1,0,1,0,1,Chronic fatigue syndrome
0,0,0,0,1,1,0,0,1,0,0,0,1,1,0,1,0,1,1,1,Poisoning
0,1,0,0,1,1,1,1,0,0,1,0,0,1,1,0,0,1,0,1,Snake bite
0,1,1,1,0,1,0,1,1,0,0,1,0,1,1,1,0,1,1,0,Dog bite infection
1,1,0,1,0,1,1,0,0,0,1,1,0,1,1,1,0,1,1,1,Burns
0,0,1,1,1,0,1,1,0,1,1,1,1,1,1,0,0,1,0,0,Frostbite
0,0,1,1,0,1,0,1,0,0,0,0,1,1,1,1,0,0,0,0,Bedsores (Pressure ulcers)
1,1,0,1,1,0,0,1,0,0,0,1,0,1,0,1,1,1,0,0,Sepsis
1,1,1,0,0,1,0,1,1,0,1,1,1,1,1,1,1,0,0,1,Septic shock
1,1,1,0,0,0,1,1,1,1,0,1,0,1,0,1,0,1,0,1,Drowning complications
0,1,0,1,1,0,0,1,1,1,0,1,0,0,1,0,1,1,0,1,Electric shock injury
0,1,1,1,0,0,0,1,0,0,0,0,1,0,1,1,0,0,1,0,Marfan syndrome
1,0,1,1,0,0,0,1,0,1,0,0,0,1,1,0,1,0,0,0,Turner syndrome
1,1,0,0,0,0,0,1,0,0,0,0,0,1,0,1,0,0,0,1,Down syndrome
0,1,0,0,0,1,1,0,1,0,1,0,0,0,0,0,1,0,0,1,Klinefelter syndrome
1,0,0,0,0,1,0,0,0,1,0,1,0,1,0,1,0,1,1,1,Huntington’s disease
1,1,1,1,1,0,1,0,1,0,0,0,1,0,1,1,1,1,0,0,Tay-Sachs disease
0,0,0,0,1,1,0,1,1,0,1,0,1,0,0,0,1,0,1,0,Cystic fibrosis
1,1,0,1,0,1,1,0,0,1,1,0,1,1,1,1,0,0,1,1,Duchenne muscular dystrophy
1,1,0,0,0,0,0,0,0,0,1,0,1,0,1,1,1,0,0,0,Phenylketonuria (PKU)
0,0,1,1,1,1,0,0,0,0,1,1,1,0,0,0,0,0,0,0,Hemochromatosis
0,1,0,1,1,0,0,0,1,0,0,0,1,0,0,0,0,0,0,1,Alpha-1 antitrypsin deficiency
1,0,1,0,0,1,1,0,0,0,0,0,0,0,0,1,0,0,1,0,Prader-Willi syndrome
0,1,0,1,1,0,1,1,0,0,1,0,1,1,0,1,1,0,1,1,Ehlers-Danlos syndrome
0,1,0,1,1,1,1,0,0,0,1,0,0,1,0,0,1,0,0,0,Rett syndrome
1,0,0,0,1,1,0,0,0,0,1,0,1,0,1,0,1,0,0,0,Fragile X syndrome
0,1,1,1,1,1,1,1,0,0,0,1,1,0,0,1,0,0,1,1,Angelman syndrome
0,1,1,0,1,0,1,0,0,0,0,0,0,0,1,1,0,0,1,1,Pompe disease
0,0,0,1,1,1,0,0,0,0,0,1,1,0,1,0,1,0,0,0,Fabry disease
0,1,1,0,1,1,1,1,1,1,0,0,0,1,1,0,0,0,0,1,Gaucher disease
1,0,0,0,1,1,1,1,1,0,1,0,0,1,0,0,1,0,1,1,Krabbe disease
1,0,1,0,1,0,0,1,1,0,0,0,0,0,0,1,1,0,0,1,Maple syrup urine disease
0,0,0,1,1,1,0,1,0,0,1,1,1,0,0,1,0,1,0,0,Niemann-Pick disease
1,1,0,1,0,1,0,0,0,1,0,0,1,1,0,1,1,1,0,1,Zellweger syndrome
0,0,1,0,0,0,1,1,1,1,1,1,0,1,0,0,1,0,0,0,Edwards syndrome (Trisomy 18)
1,0,0,0,0,1,0,1,1,1,0,0,0,1,0,1,0,1,0,1,Patau syndrome (Trisomy 13)
