name,specialization,hospital,address
Dr. Aarav Mehta,General Practitioner,Sunshine Hospital,Bangalore
Dr. Ananya Sharma,Dermatologist,HealthCare Plus,Bangalore
Dr. Rohan Gupta,Dentist,Smile Dental Clinic,Bangalore
Dr. Priya Nair,Cardiologist,Heart Care Center,Bangalore
Dr. Karan Singh,Neurologist,Neuro Health Hospital,Bangalore
Dr. Meera Iyer,Pediatrician,Little Stars Hospital,Bangalore
Dr. Rahul Kapoor,Orthopedic Surgeon,Ortho Plus,Bangalore
Dr. Sneha Reddy,Gastroenterologist,Digestive Care Clinic,Bangalore
Dr. Vikram Choudhary,ENT Specialist,Ear & Nose Clinic,Bangalore
Dr. Ishita Desai,Endocrinologist,Endocrine Care,Bangalore
Dr. Aditya Joshi,General Practitioner,City Health Clinic,Bangalore
Dr. Tanvi Kulkarni,Dermatologist,Skin Solutions,Bangalore
Dr. Arjun Malhotra,Dentist,Happy Smiles,Bangalore
Dr. Sanya Bhatia,Cardiologist,Heartline Hospital,Bangalore
Dr. Devansh Patel,Neurologist,Neuro Life Hospital,Bangalore
Dr. Kavya Menon,Pediatrician,Kids Care Hospital,Bangalore
Dr. Sameer Rao,Orthopedic Surgeon,Joint & Bone Center,Bangalore
Dr. Ritu Verma,Gastroenterologist,Gastro Health Clinic,Bangalore
Dr. Nikhil Saxena,ENT Specialist,ENT Care Center,Bangalore
Dr. Anika Das,Endocrinologist,Endocrine Health,Bangalore
